{"C_NR":0.0002290676540854797,"C_RI":0.0032930217769496783,"C_IF":1,"C_total":0.33450736314367835,"weights":{"w_NR":0.3333333333333333,"w_RI":0.3333333333333333,"w_IF":0.3333333333333333},"entropy_loss":-0.3,"quality_score":0.2676058905149427,"trace_id":"canon_dim4","timestamp":"2026-01-04T07:15:50.348402"}