{
  "timestamp": "2026-07-07T15:34:13.957017Z",
  "total_cases": 2540,
  "C_total": {
    "mean": 0.4995479647480315,
    "std": 0.10715559879517768,
    "min": 0.19711217,
    "p25": 0.4284107725,
    "median": 0.500983365,
    "p75": 0.567403745,
    "max": 1.0
  },
  "Loss_4R2": {
    "mean": 0.8610304913700786,
    "std": 0.11206120953208253,
    "min": 0.63885321,
    "max": 1.6
  },
  "notes": "Aggressive fuzz + systematic ablations. Kernel direct only (focus on math)."
}