{
 "h": {
  "a": 0.49904473835956625,
  "b": 0.5009552616404338,
  "g": 0.0,
  "threshold": 0.453,
  "source": "weights: Fisher on both-axes camouflage; threshold: Youden on E2"
 },
 "ood": {
  "lo": 1.040648334351317,
  "hi": 1.0963888932123431,
  "source": "percentiles p5/p95 on benign n=120"
 },
 "lbb_block": 0.75,
 "lbb_flag": 0.6,
 "source": "both-axes weights + E2 threshold (audit fix 2026-07-06)"
}